<?xml version="1.0" encoding="UTF-8"?>
<beans xmlns="http://www.springframework.org/schema/beans"
    xmlns:xsi="http://www.w3.org/2001/XMLSchema-instance"
    xsi:schemaLocation="http://www.springframework.org/schema/beans http://www.springframework.org/schema/beans/spring-beans.xsd">


    <bean id="elevedao2" class="eu.ensup.springcouplagefaible.dao.EleveDao" init-method="initialisation"></bean>

<!-- autowire = autocablage byName / byType -->
    <bean id="eleveservice" class="eu.ensup.springcouplagefaible.service.EleveService" autowire="byType" init-method="initialisation">
        <!-- <property name="elevedao" ref="elevedao"></property> -->       
    </bean>
    
<!--     <bean id="eleveservice" class="eu.ensup.springcouplagefaible.service.EleveService" autowire="byName"> -->
<!--         <property name="elevedao" ref="elevedao"></property>        -->
<!--     </bean> -->
</beans>